Config,Prompt Length,Num Tokens,Learning Rate,Lambda Reg,Mean Loss,Saved Distributions
cfg1,5,3,1,1.0,0.9132650560140609,2
cfg2,5,3,1,0.5,0.8940851743146777,6
cfg3,6,4,1,1.0,0.9032653058320284,1
cfg4,6,4,1,0.5,0.824821094572544,8
cfg5,8,6,1,1.0,0.6957735170423984,15
cfg6,8,6,1,0.5,0.8503451189771295,7
cfg7,9,6,1,1.0,0.7226441356912255,18
cfg8,9,6,1,0.5,0.7992089326679707,9
