Config,Prompt Length,Num Tokens,Learning Rate,Lambda Reg,Mean Loss,Saved Distributions
cfg1,5,3,0.01,0.01,0.9116706609725952,0
cfg2,5,3,0.005,0.005,0.9581782734394073,0
cfg3,6,4,0.01,0.001,0.8466339090466499,4
cfg4,6,4,0.005,0.0001,0.9135425984859467,1
cfg5,8,6,0.01,0.01,0.9219794827699661,0
cfg6,8,6,0.005,0.1,0.907191561460495,0
cfg7,9,6,0.01,0.001,0.8907867079973221,2
cfg8,9,6,0.005,0.005,0.9334865665435791,0
