Config,Prompt Length,Num Tokens,Learning Rate,Lambda reg,Lambda LM,Mean Loss,Saved Distributions
cfg1,5,3,1,1.0,0.001,0.9219790896773339,2
cfg2,5,3,1,0.5,0.0005,0.9291920308023691,5
cfg3,6,4,1,1.0,0.001,0.9959800814092159,3
cfg4,6,4,1,0.5,0.0005,0.6519292165338993,32
cfg5,8,6,1,1.0,0.001,0.9077311500906944,5
cfg6,8,6,1,0.5,0.0005,0.8926766273379326,2
cfg7,9,6,1,1.0,0.001,0.812720018774271,10
cfg8,9,6,1,0.5,0.0005,0.8825595450401306,10
