Config,Prompt Length,Num Tokens,Learning Rate,Mean Loss,Saved Distributions
cfg1,5,3,1.0,0.8893624179437757,4
cfg2,5,3,0.5,0.9622941020131112,1
cfg3,6,4,1.0,0.9107941574603319,3
cfg4,6,4,0.5,0.8987288281321526,4
cfg5,8,6,1.0,0.8673881208710372,5
cfg6,8,6,0.5,0.6867440181225538,23
cfg7,9,6,1.0,0.6199923199787736,31
cfg8,9,6,0.5,0.7416016048565507,20
