Config,Prompt Length,Num Tokens,Learning Rate,Mean Loss,Saved Distributions
cfg1,5,3,0.01,0.8850647383928298,7
cfg2,5,3,0.005,0.9131695836782455,2
cfg3,6,4,0.01,0.8862261512875557,2
cfg4,6,4,0.005,0.8936350227892399,2
cfg5,8,6,0.01,0.9223123833537101,1
cfg6,8,6,0.005,0.9245494244992734,1
cfg7,9,6,0.01,0.9309506127238274,1
cfg8,9,6,0.005,0.9090953281521797,1
